,PropertyName,Link
0,Smartworld One DXP,https://www.99acres.com/smartworld-one-dxp-sector-113-gurgaon-npxid-r400415
1,M3M Crown,https://www.99acres.com/m3m-crown-sector-111-gurgaon-npxid-r404068
2,Adani Brahma Samsara Vilasa,https://www.99acres.com/adani-brahma-samsara-vilasa-sector-63-gurgaon-npxid-r327995
3,Sobha City,https://www.99acres.com/sobha-city-sector-108-gurgaon-npxid-r256111
4,Signature Global City 93,https://www.99acres.com/signature-global-city-93-sector-93-gurgaon-npxid-r404456
5,Whiteland The Aspen,https://www.99acres.com/whiteland-the-aspen-sector-76-gurgaon-npxid-r403309
6,Bestech Altura,https://www.99acres.com/bestech-altura-sector-79-gurgaon-npxid-r262010
7,Elan The Presidential,https://www.99acres.com/elan-the-presidential-sector-106-gurgaon-npxid-r400451
8,Signature Global City 92,https://www.99acres.com/signature-global-city-92-sector-92-gurgaon-npxid-r379657
9,Emaar Digihomes,https://www.99acres.com/emaar-digihomes-sector-62-gurgaon-npxid-r333369
10,Signature Global City 79B,https://www.99acres.com/signature-global-city-79b-sector-79-gurgaon-npxid-r404401
11,DLF The Arbour,https://www.99acres.com/dlf-the-arbour-sector-63-gurgaon-npxid-r404070
12,M3M Antalya Hills,https://www.99acres.com/m3m-antalya-hills-sector-79-gurgaon-npxid-r402610
13,Signature Global City 81,https://www.99acres.com/signature-global-city-81-sector-81-gurgaon-npxid-r380265
14,SS Linden Floors,https://www.99acres.com/ss-linden-floors-sector-84-gurgaon-npxid-r383068
15,Mahindra Luminare,https://www.99acres.com/mahindra-luminare-sector-59-gurgaon-npxid-r62235
16,M3M Golf Hills,https://www.99acres.com/m3m-golf-hills-sector-79-gurgaon-npxid-r405181
17,Suncity Vatsal Valley,https://www.99acres.com/suncity-vatsal-valley-gwal-pahari-gurgaon-npxid-r383788
18,Whiteland Blissville,https://www.99acres.com/whiteland-blissville-sector-76-gurgaon-npxid-r396984
19,Trump Tower,https://www.99acres.com/trump-tower-sector-65-gurgaon-npxid-r296597
20,Tulip Monsella,https://www.99acres.com/tulip-monsella-sector-53-gurgaon-npxid-r390137
21,Krisumi Waterfall Residences,https://www.99acres.com/krisumi-waterfall-residences-sector-36a-gurgaon-npxid-r331957
23,M3M Capital,https://www.99acres.com/m3m-capital-sector-113-gurgaon-npxid-r385121
24,Godrej Meridien,https://www.99acres.com/godrej-meridien-sector-106-gurgaon-npxid-r306651
25,La Vida by Tata Housing,https://www.99acres.com/la-vida-by-tata-housing-sector-113-gurgaon-npxid-r265503
26,Birla Navya,https://www.99acres.com/birla-navya-sector-63a-gurgaon-npxid-r351013
27,Signature Global City,https://www.99acres.com/signature-global-city-sector-37d-gurgaon-npxid-r378934
28,Godrej 101,https://www.99acres.com/godrej-101-sector-79-gurgaon-npxid-r213249
29,M3M Soulitude,https://www.99acres.com/m3m-soulitude-sector-89-gurgaon-npxid-r378131
30,BPTP Terra,https://www.99acres.com/bptp-terra-sector-37d-gurgaon-npxid-r5360
31,M3M Skycity,https://www.99acres.com/m3m-skycity-sector-65-gurgaon-npxid-r326899
32,MRG The Crown,https://www.99acres.com/mrg-the-crown-sector-106-gurgaon-npxid-r405486
33,Godrej Nature Plus Serenity,https://www.99acres.com/godrej-nature-plus-serenity-sector-33-sohna-gurgaon-npxid-r379974
34,SS The Leaf,https://www.99acres.com/ss-the-leaf-sector-85-gurgaon-npxid-r5098
35,Eldeco Acclaim,https://www.99acres.com/eldeco-acclaim-sohna-gurgaon-npxid-r369999
36,Emaar Gurgaon Greens,https://www.99acres.com/emaar-gurgaon-greens-sector-102-gurgaon-npxid-r2066
37,Oxirich Chintamanis,https://www.99acres.com/oxirich-chintamanis-sector-103-gurgaon-npxid-r405511
38,DLF Garden City Floors,https://www.99acres.com/dlf-garden-city-floors-sector-92-gurgaon-npxid-r376177
39,Anant Raj Estates,https://www.99acres.com/anant-raj-estates-sector-63a-gurgaon-npxid-r2862
40,Tulip Yellow,https://www.99acres.com/tulip-yellow-sector-69-gurgaon-npxid-r344503
41,BPTP Amstoria,https://www.99acres.com/bptp-amstoria-sector-102-gurgaon-npxid-r26134
42,Emaar Emerald Hills,https://www.99acres.com/emaar-emerald-hills-sector-65-gurgaon-npxid-r32692
43,M3M Golfestate,https://www.99acres.com/m3m-golfestate-sector-65-gurgaon-npxid-r1030
44,ATS Triumph,https://www.99acres.com/ats-triumph-sector-104-gurgaon-npxid-r25860
45,ATS Marigold,https://www.99acres.com/ats-marigold-sector-89-a-gurgaon-npxid-r10548
46,Signature Global City 37D Ph 2,https://www.99acres.com/signature-global-city-37d-ph-2-sector-37d-gurgaon-npxid-r396484
47,DLF Alameda,https://www.99acres.com/dlf-alameda-sector-73-gurgaon-npxid-r1229
48,Experion Windchants,https://www.99acres.com/experion-windchants-sector-112-gurgaon-npxid-r4342
49,Saan Verdante,https://www.99acres.com/saan-verdante-sector-95-gurgaon-npxid-r146207
50,4S Aradhya Homes,https://www.99acres.com/4s-aradhya-homes-sector-67a-gurgaon-npxid-r374154
51,Yash Vihar,https://www.99acres.com/yash-vihar-pataudi-gurgaon-npxid-r371696
52,Smart World Orchard,https://www.99acres.com/smart-world-orchard-sector-61-gurgaon-npxid-r376088
53,DLF The Camellias,https://www.99acres.com/dlf-the-camellias-sector-42-gurgaon-npxid-r129601
54,Birla Navya Avik,https://www.99acres.com/birla-navya-avik-sector-63a-gurgaon-npxid-r409743
55,Adani Samsara Avasa,https://www.99acres.com/adani-samsara-avasa-sector-63-gurgaon-npxid-r403842
56,DLF The Crest,https://www.99acres.com/dlf-the-crest-sector-54-gurgaon-npxid-r8664
57,DLF The Magnolias,https://www.99acres.com/dlf-the-magnolias-sector-42-gurgaon-npxid-r660
58,DLF The Aralias,https://www.99acres.com/dlf-the-aralias-sector-42-gurgaon-npxid-r12158
59,Ansal API Esencia,https://www.99acres.com/ansal-api-esencia-sector-67-gurgaon-npxid-r3568
60,Pioneer Araya,https://www.99acres.com/pioneer-araya-sector-62-gurgaon-npxid-r1325
61,M3M Merlin,https://www.99acres.com/m3m-merlin-sector-67-gurgaon-npxid-r1191
62,Smart World Gems,https://www.99acres.com/smart-world-gems-sector-89-gurgaon-npxid-r378133
63,Vatika Aspiration,https://www.99acres.com/vatika-aspiration-sector-88b-gurgaon-npxid-r401506
64,Ace Palm Floors,https://www.99acres.com/ace-palm-floors-sector-89-gurgaon-npxid-r375877
65,DLF Gardencity Enclave,https://www.99acres.com/dlf-gardencity-enclave-sector-93-gurgaon-npxid-r392732
66,Emaar Palm Heights,https://www.99acres.com/emaar-palm-heights-sector-77-gurgaon-npxid-r319909
67,Signature Global Park,https://www.99acres.com/signature-global-park-sohna-gurgaon-npxid-r330597
68,Emaar MGF Marbella,https://www.99acres.com/emaar-mgf-marbella-sector-66-gurgaon-npxid-r1134
69,Rishali Luxe Residency 112,https://www.99acres.com/rishali-luxe-residency-112-sector-112-gurgaon-npxid-r409012
70,Puri The Aravallis,https://www.99acres.com/puri-the-aravallis-sector-61-gurgaon-npxid-r396420
71,International City by SOBHA Phase 2,https://www.99acres.com/international-city-by-sobha-phase-2-sector-109-gurgaon-npxid-r259717
72,Emaar MGF The Palm Drive,https://www.99acres.com/emaar-mgf-the-palm-drive-sector-66-gurgaon-npxid-r19
73,BPTP Green Oaks,https://www.99acres.com/bptp-green-oaks-sector-70a-gurgaon-npxid-r382679
74,Puri Emerald Bay,https://www.99acres.com/puri-emerald-bay-sector-104-gurgaon-npxid-r5456
75,Ireo Victory Valley,https://www.99acres.com/ireo-victory-valley-sector-67-gurgaon-npxid-r871
76,DLF Gardencity,https://www.99acres.com/dlf-gardencity-sector-91-gurgaon-npxid-r1193
77,Tata Primanti,https://www.99acres.com/tata-primanti-sector-72-gurgaon-npxid-r1148
78,DLF Park Place,https://www.99acres.com/dlf-park-place-sector-54-gurgaon-npxid-r8
79,Central Park Flower Valley,https://www.99acres.com/central-park-flower-valley-sector-33-sohna-gurgaon-npxid-r22052
80,Ireo Skyon,https://www.99acres.com/ireo-skyon-sector-60-gurgaon-npxid-r1147
81,AIPL The Peaceful Homes,https://www.99acres.com/aipl-the-peaceful-homes-sector-70a-gurgaon-npxid-r3480
82,Adani M2K Oyster Grande,https://www.99acres.com/adani-m2k-oyster-grande-sector-102-gurgaon-npxid-r4904
83,G99,https://www.99acres.com/g99-sector-99-gurgaon-npxid-r1561
84,Emaar MGF Emerald Floors Premier,https://www.99acres.com/emaar-mgf-emerald-floors-premier-sector-65-gurgaon-npxid-r652
85,ROF Insignia Park,https://www.99acres.com/rof-insignia-park-sector-93-gurgaon-npxid-r383406
86,DLF The Ultima,https://www.99acres.com/dlf-the-ultima-sector-81-gurgaon-npxid-r7182
87,Indiabulls Enigma,https://www.99acres.com/indiabulls-enigma-sector-110-gurgaon-npxid-r31904
88,Experion The Westerlies,https://www.99acres.com/experion-the-westerlies-sector-108-gurgaon-npxid-r18410
89,Hero Homes,https://www.99acres.com/hero-homes-sector-104-gurgaon-npxid-r318679
90,Central Park Flower Valley Mikasa Plots,https://www.99acres.com/central-park-flower-valley-mikasa-plots-sector-33-sohna-gurgaon-npxid-r308685
91,M3M Skywalk,https://www.99acres.com/m3m-skywalk-sector-74-gurgaon-npxid-r368291
92,Ireo The Grand Arch,https://www.99acres.com/ireo-the-grand-arch-sector-58-gurgaon-npxid-r659
93,JMS The Nation,https://www.99acres.com/jms-the-nation-sector-95-gurgaon-npxid-r389082
94,Imperia The Esfera,https://www.99acres.com/imperia-the-esfera-sector-37c-gurgaon-npxid-r1580
95,Ramprastha Primera,https://www.99acres.com/ramprastha-primera-sector-37d-gurgaon-npxid-r4640
96,Experion The Heartsong,https://www.99acres.com/experion-the-heartsong-sector-108-gurgaon-npxid-r6502
97,DLF New Town Heights 2,https://www.99acres.com/dlf-new-town-heights-2-sector-86-gurgaon-npxid-r23690
98,DLF The Primus,https://www.99acres.com/dlf-the-primus-sector-82a-gurgaon-npxid-r4470
99,DLF The Skycourt,https://www.99acres.com/dlf-the-skycourt-sector-86-gurgaon-npxid-r6136
100,Central Park Resorts,https://www.99acres.com/central-park-resorts-sector-48-gurgaon-npxid-r6802
101,Suncity Avenue 76,https://www.99acres.com/suncity-avenue-76-sector-76-gurgaon-npxid-r343747
102,International City by Sobha Phase 1,https://www.99acres.com/international-city-by-sobha-phase-1-sector-109-gurgaon-npxid-r1204
103,Ambience Creacions,https://www.99acres.com/ambience-creacions-sector-22-gurgaon-npxid-r39908
104,Vatika Xpressions,https://www.99acres.com/vatika-xpressions-sector-88b-gurgaon-npxid-r15060
105,M3M Sierra 68,https://www.99acres.com/m3m-sierra-68-sector-68-gurgaon-npxid-r211327
106,Anand Niketan,https://www.99acres.com/anand-niketan-sector-2-sohna-gurgaon-npxid-r409033
107,DLF The Belaire,https://www.99acres.com/dlf-the-belaire-sector-54-gurgaon-npxid-r12
108,Godrej Aria,https://www.99acres.com/godrej-aria-sector-79-gurgaon-npxid-r55428
109,Ansals Shiva Som Valley,https://www.99acres.com/ansals-shiva-som-valley-sector-35-sohna-gurgaon-npxid-r377672
110,Vipul World,https://www.99acres.com/vipul-world-sector-48-gurgaon-npxid-r37528
111,Central Park Flower Valley Aqua Front Towers,https://www.99acres.com/central-park-flower-valley-aqua-front-towers-sector-33-sohna-gurgaon-npxid-r269936
112,Tulip Violet,https://www.99acres.com/tulip-violet-sector-69-gurgaon-npxid-r1013
113,Eldeco Accolade,https://www.99acres.com/eldeco-accolade-sohna-gurgaon-npxid-r71167
114,M3M Natura,https://www.99acres.com/m3m-natura-sector-68-gurgaon-npxid-r327791
115,Emaar Imperial Gardens,https://www.99acres.com/emaar-imperial-gardens-sector-102-gurgaon-npxid-r5358
116,Ireo City Plots,https://www.99acres.com/ireo-city-plots-sector-60-gurgaon-npxid-r10720
117,Parsvnath Exotica,https://www.99acres.com/parsvnath-exotica-sector-53-gurgaon-npxid-r11
118,Pioneer Urban Presidia,https://www.99acres.com/pioneer-urban-presidia-sector-62-gurgaon-npxid-r110
119,Suncity Platinum Towers,https://www.99acres.com/suncity-platinum-towers-mg-road-gurgaon-npxid-r308091
120,Godrej Nature Plus,https://www.99acres.com/godrej-nature-plus-sector-33-sohna-gurgaon-npxid-r297055
121,Bestech Park View Grand Spa,https://www.99acres.com/bestech-park-view-grand-spa-sector-81-gurgaon-npxid-r2086
122,Shree Vardhman Victoria,https://www.99acres.com/shree-vardhman-victoria-sector-70-gurgaon-npxid-r28294
123,Silverglades The Melia,https://www.99acres.com/silverglades-the-melia-sohna-gurgaon-npxid-r26828
124,Shree Vardhman Flora,https://www.99acres.com/shree-vardhman-flora-sector-90-gurgaon-npxid-r28296
125,Vatika Seven Elements,https://www.99acres.com/vatika-seven-elements-sector-89-a-gurgaon-npxid-r7746
126,Bellavista Central Park Resorts,https://www.99acres.com/bellavista-central-park-resorts-sector-48-gurgaon-npxid-r343397
127,M3M Heights,https://www.99acres.com/m3m-heights-sector-65-gurgaon-npxid-r272921
128,Godrej Habitat,https://www.99acres.com/godrej-habitat-sector-3-gurgaon-npxid-r326543
129,Adani Brahma Samsara,https://www.99acres.com/adani-brahma-samsara-sector-60-gurgaon-npxid-r271215
130,DLF The Grove,https://www.99acres.com/dlf-the-grove-dlf-phase-5-gurgaon-npxid-r391580
131,Corona Optus,https://www.99acres.com/corona-optus-sector-37c-gurgaon-npxid-r2788
132,Central Park Flower Valley Flamingo Floors,https://www.99acres.com/central-park-flower-valley-flamingo-floors-sector-33-sohna-gurgaon-npxid-r271483
133,ROF Insignia Park 2,https://www.99acres.com/rof-insignia-park-2-sector-95-gurgaon-npxid-r394471
134,Indiabulls Centrum Park,https://www.99acres.com/indiabulls-centrum-park-sector-103-gurgaon-npxid-r461
135,BPTP Fortuna,https://www.99acres.com/bptp-fortuna-sector-70a-gurgaon-npxid-r391135
136,Bestech Park View Spa Next,https://www.99acres.com/bestech-park-view-spa-next-sector-67-gurgaon-npxid-r23724
137,DLF The Pinnacle,https://www.99acres.com/dlf-the-pinnacle-dlf-phase-5-gurgaon-npxid-r12068
138,Godrej Oasis,https://www.99acres.com/godrej-oasis-sector-88a-gurgaon-npxid-r28232
139,Anant Raj Estate Plots,https://www.99acres.com/anant-raj-estate-plots-sector-63-gurgaon-npxid-r368126
140,Mapsko The Icon 79,https://www.99acres.com/mapsko-the-icon-79-sector-79-gurgaon-npxid-r408246
141,DLF Regal Gardens,https://www.99acres.com/dlf-regal-gardens-sector-90-gurgaon-npxid-r2718
142,DLF The Icon,https://www.99acres.com/dlf-the-icon-dlf-phase-5-gurgaon-npxid-r26572
143,Vatika Sovereign Park,https://www.99acres.com/vatika-sovereign-park-sector-99-gurgaon-npxid-r25
144,Vatika Sovereign Next,https://www.99acres.com/vatika-sovereign-next-sector-82a-gurgaon-npxid-r39998
145,Central Park Flower Valley The Room,https://www.99acres.com/central-park-flower-valley-the-room-sohna-gurgaon-npxid-r250617
146,M3M Sky Lofts,https://www.99acres.com/m3m-sky-lofts-sector-71-gurgaon-npxid-r324823
147,Golden Park,https://www.99acres.com/golden-park-sohna-gurgaon-npxid-r400381
148,Ireo Savannah,https://www.99acres.com/ireo-savannah-sector-35-sohna-gurgaon-npxid-r406279
149,Satya Merano Greens,https://www.99acres.com/satya-merano-greens-sector-99a-gurgaon-npxid-r382315
150,ATS Kocoon,https://www.99acres.com/ats-kocoon-sector-109-gurgaon-npxid-r24656
151,Paras Quartier,https://www.99acres.com/paras-quartier-gwal-pahari-gurgaon-npxid-r11794
152,Ashiana Amarah,https://www.99acres.com/ashiana-amarah-sector-93-gurgaon-npxid-r396809
153,JMS Prime Land,https://www.99acres.com/jms-prime-land-sector-95a-gurgaon-npxid-r374204
154,India Rashtra,https://www.99acres.com/india-rashtra-sector-88a-gurgaon-npxid-r403084
155,Vipul Tatvam Villa,https://www.99acres.com/vipul-tatvam-villa-sector-48-gurgaon-npxid-r33
156,Orris Woodview Residencies,https://www.99acres.com/orris-woodview-residencies-sector-89-gurgaon-npxid-r136297
157,Emaar MGF Palm Hills,https://www.99acres.com/emaar-mgf-palm-hills-sector-77-gurgaon-npxid-r804
158,Vatika City,https://www.99acres.com/vatika-city-sector-49-gurgaon-npxid-r12222
159,DLF New Town Heights 1,https://www.99acres.com/dlf-new-town-heights-1-sector-90-gurgaon-npxid-r62
160,Vatika Gurgaon 21,https://www.99acres.com/vatika-gurgaon-21-sector-83-gurgaon-npxid-r1166
161,Signature The Roselia,https://www.99acres.com/signature-the-roselia-sector-95a-gurgaon-npxid-r270741
162,Vatika Independent Floors,https://www.99acres.com/vatika-independent-floors-sector-82-gurgaon-npxid-r27152
163,Adani Tatva Estates,https://www.99acres.com/adani-tatva-estates-sector-99a-gurgaon-npxid-r405543
164,Emaar Palm Gardens,https://www.99acres.com/emaar-palm-gardens-sector-83-gurgaon-npxid-r1080
165,Pareena Mi Casa,https://www.99acres.com/pareena-mi-casa-sector-68-gurgaon-npxid-r22804
166,The Close North,https://www.99acres.com/the-close-north-nirvana-country-gurgaon-npxid-r10626
167,Emaar The Palm Springs,https://www.99acres.com/emaar-the-palm-springs-sector-54-gurgaon-npxid-r12084
168,BPTP Park Serene,https://www.99acres.com/bptp-park-serene-sector-37d-gurgaon-npxid-r128
169,Orchid IVY Floors,https://www.99acres.com/orchid-ivy-floors-sector-51-gurgaon-npxid-r396842
170,ILD Greens,https://www.99acres.com/ild-greens-sector-37c-gurgaon-npxid-r145
171,Godrej Icon,https://www.99acres.com/godrej-icon-sector-88a-gurgaon-npxid-r123001
172,Orris Aster Court Premier,https://www.99acres.com/orris-aster-court-premier-sector-85-gurgaon-npxid-r304099
173,M3M Latitude,https://www.99acres.com/m3m-latitude-sector-65-gurgaon-npxid-r63915
174,Emaar MGF Emerald Estate,https://www.99acres.com/emaar-mgf-emerald-estate-sector-65-gurgaon-npxid-r618
175,Green Court,https://www.99acres.com/green-court-sector-90-gurgaon-npxid-r98486
176,TARC Maceo,https://www.99acres.com/tarc-maceo-sector-91-gurgaon-npxid-r7810
177,Raheja Vanya,https://www.99acres.com/raheja-vanya-sector-99a-gurgaon-npxid-r184557
178,Paras Ekam Homes,https://www.99acres.com/paras-ekam-homes-sohna-gurgaon-npxid-r338225
179,Landmark The Homes 81,https://www.99acres.com/landmark-the-homes-81-sector-81-gurgaon-npxid-r379705
180,ROF Normanton Park,https://www.99acres.com/rof-normanton-park-sohna-gurgaon-npxid-r386250
181,Corona Greens,https://www.99acres.com/corona-greens-sohna-gurgaon-npxid-r348231
182,Umang Winter Hills,https://www.99acres.com/umang-winter-hills-sector-77-gurgaon-npxid-r1614
183,Puri Diplomatic Greens,https://www.99acres.com/puri-diplomatic-greens-sector-111-gurgaon-npxid-r1350
184,Silverglades Hightown Residences,https://www.99acres.com/silverglades-hightown-residences-sushant-lok-phase-1-gurgaon-npxid-r370204
185,Pioneer Park,https://www.99acres.com/pioneer-park-sector-61-gurgaon-npxid-r45994
186,Anant Raj Ashok Estate,https://www.99acres.com/anant-raj-ashok-estate-sector-63a-gurgaon-npxid-r396054
187,Paras Dews,https://www.99acres.com/paras-dews-sector-106-gurgaon-npxid-r28300
188,Ireo The Corridors,https://www.99acres.com/ireo-the-corridors-sector-67a-gurgaon-npxid-r6670
189,Assotech Blith,https://www.99acres.com/assotech-blith-sector-99-gurgaon-npxid-r3090
190,Bestech Park View Sanskruti,https://www.99acres.com/bestech-park-view-sanskruti-sector-92-gurgaon-npxid-r4600
191,Signature Global the Millennia,https://www.99acres.com/signature-global-the-millennia-sector-37d-gurgaon-npxid-r275989
192,Orchid Island,https://www.99acres.com/orchid-island-sector-51-gurgaon-npxid-r8010
193,Ramprastha The Edge Towers,https://www.99acres.com/ramprastha-the-edge-towers-sector-37d-gurgaon-npxid-r159
194,Pyramid Spring Valley,https://www.99acres.com/pyramid-spring-valley-sohna-gurgaon-npxid-r338595
195,Bestech Park View Ananda,https://www.99acres.com/bestech-park-view-ananda-sector-81-gurgaon-npxid-r6464
196,Mapsko Casa Bella,https://www.99acres.com/mapsko-casa-bella-sector-82-gurgaon-npxid-r158
197,Mahindra Aura,https://www.99acres.com/mahindra-aura-sector-110-a-gurgaon-npxid-r722
198,Godrej Air,https://www.99acres.com/godrej-air-sector-85-gurgaon-npxid-r320141
199,Conscient Habitat,https://www.99acres.com/conscient-habitat-sector-99a-gurgaon-npxid-r376695
200,Conscient Heritage Max,https://www.99acres.com/conscient-heritage-max-sector-102-gurgaon-npxid-r4050
201,Vipul Belmonte,https://www.99acres.com/vipul-belmonte-sector-53-gurgaon-npxid-r12228
202,Unitech The Residences,https://www.99acres.com/unitech-the-residences-sector-33-gurgaon-npxid-r508
203,ILD Grand,https://www.99acres.com/ild-grand-sector-37c-gurgaon-npxid-r2362
204,Signature Global Solera 2,https://www.99acres.com/signature-global-solera-2-sector-107-gurgaon-npxid-r276621
205,Signature Global Solera,https://www.99acres.com/signature-global-solera-sector-107-gurgaon-npxid-r84159
206,M3M Woodshire,https://www.99acres.com/m3m-woodshire-sector-107-gurgaon-npxid-r5746
207,Vatika India Next Plots,https://www.99acres.com/vatika-india-next-plots-sector-83-gurgaon-npxid-r144209
208,MV Buildcon Precore City,https://www.99acres.com/mv-buildcon-precore-city-sohna-gurgaon-npxid-r24666
209,Lion Infra Green Valley,https://www.99acres.com/lion-infra-green-valley-sector-35-sohna-gurgaon-npxid-r373089
210,Orchid Petals,https://www.99acres.com/orchid-petals-sector-49-gurgaon-npxid-r12066
211,BPTP Mansions Park Prime,https://www.99acres.com/bptp-mansions-park-prime-sector-66-gurgaon-npxid-r800
212,Emaar MGF Palm Terraces,https://www.99acres.com/emaar-mgf-palm-terraces-sector-66-gurgaon-npxid-r816
213,Optimal ultra luxury builder floors,https://www.99acres.com/optimal-ultra-luxury-builder-floors-south-city-1-gurgaon-npxid-r411007
214,Salcon The Verandas,https://www.99acres.com/salcon-the-verandas-sector-54-gurgaon-npxid-r26644
215,BPTP Park Generations,https://www.99acres.com/bptp-park-generations-sector-37d-gurgaon-npxid-r1243
216,Zara Aavaas,https://www.99acres.com/zara-aavaas-sector-104-gurgaon-npxid-r170643
217,Yashika 104,https://www.99acres.com/yashika-104-sector-104-gurgaon-npxid-r393813
218,Breez Global Heights 89,https://www.99acres.com/breez-global-heights-89-sector-89-gurgaon-npxid-r389823
219,Zara Rossa,https://www.99acres.com/zara-rossa-sector-112-gurgaon-npxid-r268975
220,Alpha Corp GurgaonOne 84,https://www.99acres.com/alpha-corp-gurgaonone-84-sector-84-gurgaon-npxid-r5096
221,Krrish Florence Estate,https://www.99acres.com/krrish-florence-estate-sector-70-gurgaon-npxid-r37698
222,Tulip Purple,https://www.99acres.com/tulip-purple-sector-69-gurgaon-npxid-r37138
223,Tulip Ivory,https://www.99acres.com/tulip-ivory-sector-70-gurgaon-npxid-r35152
224,Shree Vardhman City,https://www.99acres.com/shree-vardhman-city-sohna-gurgaon-npxid-r27370
225,Signature Global Prime,https://www.99acres.com/signature-global-prime-sector-63a-gurgaon-npxid-r344079
226,Antriksh Heights,https://www.99acres.com/antriksh-heights-sector-84-gurgaon-npxid-r2190
227,BPTP Pedestal,https://www.99acres.com/bptp-pedestal-sector-70a-gurgaon-npxid-r25372
228,Vatika Express City,https://www.99acres.com/vatika-express-city-sector-88a-gurgaon-npxid-r37160
229,Pegasus Atulyam 83,https://www.99acres.com/pegasus-atulyam-83-sector-83-gurgaon-npxid-r403827
230,DLF The Summit,https://www.99acres.com/dlf-the-summit-sector-54-gurgaon-npxid-r26556
231,The Close South,https://www.99acres.com/the-close-south-nirvana-country-gurgaon-npxid-r11694
232,Emaar Mgf Palm Terraces Select,https://www.99acres.com/emaar-mgf-palm-terraces-select-sector-66-gurgaon-npxid-r904
233,Unitech Fresco,https://www.99acres.com/unitech-fresco-nirvana-country-gurgaon-npxid-r4
234,Unitech Escape,https://www.99acres.com/unitech-escape-nirvana-country-gurgaon-npxid-r10624
235,Unitech Harmony,https://www.99acres.com/unitech-harmony-nirvana-country-gurgaon-npxid-r7
236,Vatika The Seven Lamps,https://www.99acres.com/vatika-the-seven-lamps-sector-82-gurgaon-npxid-r1135
237,BPTP Freedom Park Life,https://www.99acres.com/bptp-freedom-park-life-sector-57-gurgaon-npxid-r375
238,DLF New Town Heights,https://www.99acres.com/dlf-new-town-heights-sector-91-gurgaon-npxid-r23702
239,La Lagune,https://www.99acres.com/la-lagune-sector-54-gurgaon-npxid-r12072
240,M3M My Den,https://www.99acres.com/m3m-my-den-sector-67-gurgaon-npxid-r324825
241,Suncity Avenue 102,https://www.99acres.com/suncity-avenue-102-sector-102-gurgaon-npxid-r256209
242,DLF Princeton Estate,https://www.99acres.com/dlf-princeton-estate-dlf-phase-5-gurgaon-npxid-r11712
243,Pyramid Urban Homes 2,https://www.99acres.com/pyramid-urban-homes-2-sector-86-gurgaon-npxid-r181113
244,Satya The Hermitage,https://www.99acres.com/satya-the-hermitage-sector-103-gurgaon-npxid-r7086
245,BPTP Spacio,https://www.99acres.com/bptp-spacio-sector-37d-gurgaon-npxid-r937
246,SS The Coralwood,https://www.99acres.com/ss-the-coralwood-sector-84-gurgaon-npxid-r2722
